,Bike Name,Model,Distance,Owner,Price,Seller,Insurance,Age,Dist_year,Predicted Price
0,"2018, Aprilia SR 150 [2018] Carbon",2018,1500,1,80000,0,0,1.0,1500.0,81677.27
1,"2017, Bajaj Pulsar NS160 Single Disc",2017,3000,1,80000,0,0,2.0,1500.0,78923.305
2,"2017, Royal Enfield Thunderbird 350 Disc Self",2017,19000,1,140000,0,0,2.0,9500.0,94956.22
3,"2015, Royal Enfield Classic 350 Redditch Edition - Single Disc",2015,30000,1,130000,0,0,4.0,7500.0,97155.64
4,"2015, Honda Livo Disc",2015,23000,1,35000,0,0,4.0,5750.0,48041.266
5,"2016, Bajaj V15 Power Up",2016,26500,1,45000,0,0,3.0,8833.333333333334,58581.36
6,"2017, Yamaha FZ S V 2.0 Standard",2017,10000,1,75000,0,0,2.0,5000.0,74921.42
7,"2017, Yamaha YZF-R15 S Standard",2017,1400,1,100000,0,0,2.0,700.0,97748.54
8,"2013, Bajaj Pulsar 135 LS Standard",2013,36631,1,25000,0,0,6.0,6105.166666666667,29550.615
9,"2018, TVS Apache RTR 200 4V ABS",2018,6500,1,95000,0,0,1.0,6500.0,101646.555
10,"2018, Royal Enfield Classic 500 Desert Storm",2018,3250,1,180000,0,0,1.0,3250.0,160459.02
11,"2016, Bajaj Platina Comfortec Spoke Wheel ES",2016,28000,1,30000,0,0,3.0,9333.333333333334,61630.613
12,"2016, TVS Jupiter Standard",2016,18000,1,40000,0,0,3.0,6000.0,45945.465
13,"2005, Bajaj Pulsar 150 Classic",2005,64000,1,10000,0,0,14.0,4571.428571428572,10985.473
14,"2015, Bajaj Pulsar AS200 Standard",2015,10000,1,75000,0,0,4.0,2500.0,70586.19
15,"2010, Bajaj Pulsar 135 LS Standard",2010,48000,1,20000,0,0,9.0,5333.333333333333,20875.38
16,"2016, Bajaj Avenger Street 220 Standard",2016,1800,1,75000,0,0,3.0,600.0,94641.33
17,"2018, Royal Enfield Bullet 500 Rear Drum",2018,2400,1,175000,0,0,1.0,2400.0,153163.95
18,"2018, Aprilia SR 150 [2018] Carbon",2018,1500,1,80000,0,0,1.0,1500.0,81677.27
19,"2017, Bajaj Pulsar NS160 Single Disc",2017,3000,1,80000,0,0,2.0,1500.0,78923.305
20,"2017, Royal Enfield Thunderbird 350 Disc Self",2017,19000,1,140000,0,0,2.0,9500.0,94956.22
21,"2015, Royal Enfield Classic 350 Redditch Edition - Single Disc",2015,30000,1,130000,0,0,4.0,7500.0,97155.64
22,"2015, Honda Livo Disc",2015,23000,1,35000,0,0,4.0,5750.0,48041.266
23,"2016, Bajaj V15 Power Up",2016,26500,1,45000,0,0,3.0,8833.333333333334,58581.36
24,"2017, Yamaha FZ S V 2.0 Standard",2017,10000,1,75000,0,0,2.0,5000.0,74921.42
25,"2017, Yamaha YZF-R15 S Standard",2017,1400,1,100000,0,0,2.0,700.0,97748.54
26,"2013, Bajaj Pulsar 135 LS Standard",2013,36631,1,25000,0,0,6.0,6105.166666666667,29550.615
27,"2018, TVS Apache RTR 200 4V ABS",2018,6500,1,95000,0,0,1.0,6500.0,101646.555
28,"2018, Royal Enfield Classic 500 Desert Storm",2018,3250,1,180000,0,0,1.0,3250.0,160459.02
29,"2016, Bajaj Platina Comfortec Spoke Wheel ES",2016,28000,1,30000,0,0,3.0,9333.333333333334,61630.613
30,"2016, TVS Jupiter Standard",2016,18000,1,40000,0,0,3.0,6000.0,45945.465
31,"2005, Bajaj Pulsar 150 Classic",2005,64000,1,10000,0,0,14.0,4571.428571428572,10985.473
32,"2015, Bajaj Pulsar AS200 Standard",2015,10000,1,75000,0,0,4.0,2500.0,70586.19
33,"2010, Bajaj Pulsar 135 LS Standard",2010,48000,1,20000,0,0,9.0,5333.333333333333,20875.38
34,"2016, Bajaj Avenger Street 220 Standard",2016,1800,1,75000,0,0,3.0,600.0,94641.33
35,"2018, Royal Enfield Bullet 500 Rear Drum",2018,2400,1,175000,0,0,1.0,2400.0,153163.95
36,"2018, Aprilia SR 150 [2018] Carbon",2018,1500,1,80000,0,0,1.0,1500.0,81677.27
37,"2017, Bajaj Pulsar NS160 Single Disc",2017,3000,1,80000,0,0,2.0,1500.0,78923.305
38,"2017, Royal Enfield Thunderbird 350 Disc Self",2017,19000,1,140000,0,0,2.0,9500.0,94956.22
39,"2015, Royal Enfield Classic 350 Redditch Edition - Single Disc",2015,30000,1,130000,0,0,4.0,7500.0,97155.64
40,"2015, Honda Livo Disc",2015,23000,1,35000,0,0,4.0,5750.0,48041.266
41,"2016, Bajaj V15 Power Up",2016,26500,1,45000,0,0,3.0,8833.333333333334,58581.36
42,"2017, Yamaha FZ S V 2.0 Standard",2017,10000,1,75000,0,0,2.0,5000.0,74921.42
43,"2017, Yamaha YZF-R15 S Standard",2017,1400,1,100000,0,0,2.0,700.0,97748.54
44,"2013, Bajaj Pulsar 135 LS Standard",2013,36631,1,25000,0,0,6.0,6105.166666666667,29550.615
45,"2018, TVS Apache RTR 200 4V ABS",2018,6500,1,95000,0,0,1.0,6500.0,101646.555
46,"2018, Royal Enfield Classic 500 Desert Storm",2018,3250,1,180000,0,0,1.0,3250.0,160459.02
47,"2016, Bajaj Platina Comfortec Spoke Wheel ES",2016,28000,1,30000,0,0,3.0,9333.333333333334,61630.613
48,"2016, TVS Jupiter Standard",2016,18000,1,40000,0,0,3.0,6000.0,45945.465
49,"2005, Bajaj Pulsar 150 Classic",2005,64000,1,10000,0,0,14.0,4571.428571428572,10985.473
50,"2015, Bajaj Pulsar AS200 Standard",2015,10000,1,75000,0,0,4.0,2500.0,70586.19
51,"2010, Bajaj Pulsar 135 LS Standard",2010,48000,1,20000,0,0,9.0,5333.333333333333,20875.38
52,"2016, Bajaj Avenger Street 220 Standard",2016,1800,1,75000,0,0,3.0,600.0,94641.33
53,"2018, Royal Enfield Bullet 500 Rear Drum",2018,2400,1,175000,0,0,1.0,2400.0,153163.95
54,"2018, Aprilia SR 150 [2018] Carbon",2018,1500,1,80000,0,0,1.0,1500.0,81677.27
55,"2017, Bajaj Pulsar NS160 Single Disc",2017,3000,1,80000,0,0,2.0,1500.0,78923.305
56,"2017, Royal Enfield Thunderbird 350 Disc Self",2017,19000,1,140000,0,0,2.0,9500.0,94956.22
57,"2015, Royal Enfield Classic 350 Redditch Edition - Single Disc",2015,30000,1,130000,0,0,4.0,7500.0,97155.64
58,"2015, Honda Livo Disc",2015,23000,1,35000,0,0,4.0,5750.0,48041.266
59,"2016, Bajaj V15 Power Up",2016,26500,1,45000,0,0,3.0,8833.333333333334,58581.36
60,"2016, Honda CB Shine SP Disc",2016,45000,1,50000,0,0,3.0,15000.0,66838.25
61,"2018, Suzuki Access 125 Special Edition - Disc CBS",2018,3600,1,63000,0,0,1.0,3600.0,96243.78
62,"2014, Royal Enfield Bullet 350 Twinspark",2014,24000,1,95000,0,0,5.0,4800.0,61200.184
63,"2018, Royal Enfield Himalayan Sleet",2018,5000,1,150000,0,0,1.0,5000.0,110872.52
64,"2015, Honda Dream Yuga Electric Start/Alloy",2015,19000,1,30000,0,0,4.0,4750.0,58959.438
65,"2018, Bajaj Pulsar RS 200 ABS",2018,3000,1,140000,0,0,1.0,3000.0,102575.85
66,"2016, Bajaj Pulsar RS 200 Demon Black Standard",2016,17000,1,100000,0,0,3.0,5666.666666666667,88559.875
67,"2017, Hero HF Deluxe Self Alloy",2017,52000,1,45000,0,0,2.0,26000.0,69119.34
68,"2010, Honda CB Unicorn Dazzler Standard",2010,74000,1,35000,0,0,9.0,8222.222222222223,20529.004
69,"2012, Mahindra Duro DZ",2012,13000,1,35000,0,0,7.0,1857.142857142857,44201.145
70,"2010, Hero Honda Pleasure Standard",2010,70000,1,18000,0,0,9.0,7777.777777777777,22201.137
71,"2014, Honda Activa [2000-2015] Standard",2014,40000,1,35000,0,0,5.0,8000.0,47654.33
72,"2012, Bajaj Discover 125 Disc",2012,30000,1,30000,0,0,7.0,4285.714285714285,32602.156
73,"2008, Yamaha Gladiator Standard",2008,55000,1,20000,0,0,11.0,5000.0,25226.113
74,"2009, TVS Apache RTR 160 Front Disc",2009,39000,1,35000,0,0,10.0,3900.0,29455.184
75,"2010, Honda CB Shine Electric Start/Disc/Alloy (BS III)",2010,21938,1,30000,0,0,9.0,2437.5555555555557,28617.355
76,"2017, Royal Enfield Classic 350 Redditch Edition - Single Disc",2017,6000,1,135000,0,0,2.0,3000.0,95598.29
77,"2017, UM Renegade Commando Fi",2017,9200,1,160000,0,0,2.0,4600.0,88319.734
78,"2016, Honda Activa 3G Standard (BS III)",2016,14900,1,39500,0,0,3.0,4966.666666666667,69695.516
79,"2013, Bajaj Avenger Cruise 220 Standard",2013,45000,1,38000,0,0,6.0,7500.0,30572.607
80,"2015, Yamaha YZF R15 [2011-2018] V 2.0",2015,28000,1,65000,0,0,4.0,7000.0,56804.9
81,"2008, Bajaj Pulsar 150 Standard",2008,78000,1,25000,0,0,11.0,7090.909090909091,20817.006
82,"2016, Honda Activa 3G Standard (BS III)",2016,20000,1,45000,0,0,3.0,6666.666666666667,56746.383
83,"2011, Mahindra Rodeo Uzo 125 Standard",2011,13700,1,21000,0,0,8.0,1712.5,30122.24
84,"2017, TVS Apache RTR 200 4V Carburetor",2017,38000,1,55000,0,0,2.0,19000.0,80703.19
85,"2014, Bajaj Discover 125 M Drum",2014,18100,1,27000,0,0,5.0,3620.0,62748.03
86,"2017, Honda CB Shine SP Disc (BS IV) [2017]",2017,22500,1,55000,0,0,2.0,11250.0,97515.12
87,"2011, Mahindra Rodeo RZ",2011,14000,1,22000,0,0,8.0,1750.0,32682.102
88,"2017, Suzuki Gixxer SF Rear Disc",2017,11500,1,85000,0,0,2.0,5750.0,62437.066
89,"2017, KTM 200 Duke Standard",2017,70000,1,80000,0,0,2.0,35000.0,79444.62
90,"2015, Yamaha Saluto Disc",2015,10348,1,30000,0,0,4.0,2587.0,69911.34
91,"2017, Bajaj Pulsar RS 200 ABS",2017,21300,1,140000,0,0,2.0,10650.0,95032.71
92,"2001, Yamaha RX135 Standard",2001,11000,1,25000,0,0,18.0,611.1111111111111,19308.543
93,"2013, Honda CB Unicorn Standard",2013,36683,1,45000,0,0,6.0,6113.833333333333,30111.236
94,"2018, Hero Duet VX",2018,1300,1,55000,0,0,1.0,1300.0,86687.77
95,"2013, Honda CB Unicorn 150 Standard",2013,29800,1,42000,0,0,6.0,4966.666666666667,26087.469
96,"2016, Honda Activa 3G Standard (BS III)",2016,14900,1,39500,0,0,3.0,4966.666666666667,69695.516
97,"2013, Bajaj Avenger Cruise 220 Standard",2013,45000,1,38000,0,0,6.0,7500.0,30572.607
98,"2015, Yamaha YZF R15 [2011-2018] V 2.0",2015,28000,1,65000,0,0,4.0,7000.0,56804.9
99,"2008, Bajaj Pulsar 150 Standard",2008,78000,1,25000,0,0,11.0,7090.909090909091,20817.006
100,"2016, Honda Activa 3G Standard (BS III)",2016,20000,1,45000,0,0,3.0,6666.666666666667,56746.383
101,"2011, Mahindra Rodeo Uzo 125 Standard",2011,13700,1,21000,0,0,8.0,1712.5,30122.24
102,"2017, TVS Apache RTR 200 4V Carburetor",2017,38000,1,55000,0,0,2.0,19000.0,80703.19
103,"2014, Bajaj Discover 125 M Drum",2014,18100,1,27000,0,0,5.0,3620.0,62748.03
104,"2017, Honda CB Shine SP Disc (BS IV) [2017]",2017,22500,1,55000,0,0,2.0,11250.0,97515.12
105,"2011, Mahindra Rodeo RZ",2011,14000,1,22000,0,0,8.0,1750.0,32682.102
106,"2017, Suzuki Gixxer SF Rear Disc",2017,11500,1,85000,0,0,2.0,5750.0,62437.066
107,"2017, KTM 200 Duke Standard",2017,70000,1,80000,0,0,2.0,35000.0,79444.62
108,"2015, Yamaha Saluto Disc",2015,10348,1,30000,0,0,4.0,2587.0,69911.34
109,"2017, Bajaj Pulsar RS 200 ABS",2017,21300,1,140000,0,0,2.0,10650.0,95032.71
110,"2001, Yamaha RX135 Standard",2001,11000,1,25000,0,0,18.0,611.1111111111111,19308.543
111,"2013, Honda CB Unicorn Standard",2013,36683,1,45000,0,0,6.0,6113.833333333333,30111.236
112,"2018, Hero Duet VX",2018,1300,1,55000,0,0,1.0,1300.0,86687.77
113,"2013, Honda CB Unicorn 150 Standard",2013,29800,1,42000,0,0,6.0,4966.666666666667,26087.469
114,"2014, Honda Dio BS IV",2014,23979,1,30000,0,0,5.0,4795.8,61601.668
115,"2018, TVS Ntorq 125 Standard",2018,3500,1,70000,0,0,1.0,3500.0,96904.305
116,"2013, TVS Apache RTR 160 Front Disc",2013,30000,1,35000,0,0,6.0,5000.0,33017.42
117,"2015, Honda Activa 3G Standard (BS III)",2015,51800,1,35000,0,0,4.0,12950.0,50838.57
118,"2012, Bajaj Discover 125 ST Standard",2012,50000,1,25000,0,0,7.0,7142.857142857143,30237.25
119,"2018, Honda CB Hornet 160R Special Edition - CBS [2017]",2018,3500,1,105000,0,0,1.0,3500.0,96904.305
120,"2012, Honda CB Unicorn Standard",2012,29988,1,29000,0,0,7.0,4284.0,32602.156
121,"2017, Royal Enfield Classic 350 Standard",2017,22000,1,145000,0,0,2.0,11000.0,94989.18
122,"2011, Honda CBR 250R ABS",2011,26050,1,80000,0,0,8.0,3256.25,61384.902
123,"2011, Bajaj Discover 125T Disc",2011,48000,1,25000,0,0,8.0,6000.0,29978.52
124,"2017, TVS Apache RTR 200 4V Carburetor",2017,9000,1,90000,0,0,2.0,4500.0,94150.9
125,"2014, Bajaj Pulsar NS200 Standard",2014,28500,1,55000,0,0,5.0,5700.0,51395.29
126,"2016, Bajaj Avenger Street 150 [2018] Standard",2016,10000,1,68000,0,0,3.0,3333.3333333333335,91390.94
127,"2012, Honda CB Twister Drum/Electric start",2012,14000,1,35000,0,0,7.0,2000.0,60735.812
128,"2016, Bajaj Avenger Street 150 [2018] Standard",2016,10000,1,68000,0,0,3.0,3333.3333333333335,91390.94
129,"2016, Bajaj V15 Power Up",2016,22000,1,50000,0,0,3.0,7333.333333333333,71340.63
130,"2014, Honda Dream Neo Kick Start-Drum Brake-Spoke",2014,57000,1,27000,0,0,5.0,11400.0,68649.26
131,"2017, TVS Apache RTR 200 4V Carburetor",2017,6000,1,80000,0,0,2.0,3000.0,95598.29
132,"2016, Honda CB Hornet 160R STD",2016,23000,1,55000,0,0,3.0,7666.666666666667,63869.2
133,"2017, Royal Enfield Thunderbird 350 Disc",2017,15000,1,110000,0,0,2.0,7500.0,88204.84
134,"2011, Hero Honda Splendor PRO Kick",2011,45000,1,30000,0,0,8.0,5625.0,32073.914
135,"2015, Honda Activa 3G Standard (BS III)",2015,19800,1,45000,0,0,4.0,4950.0,58705.426
136,"2017, Royal Enfield Himalayan Carburetor",2017,15000,1,145000,0,0,2.0,7500.0,88204.84
137,"2015, Royal Enfield Classic 500 Single Disc",2015,5000,1,165000,0,0,4.0,1250.0,94252.06
138,"2007, Hero Honda CBZ Disc",2007,45000,1,26000,0,0,12.0,3750.0,20533.006
139,"2017, Royal Enfield Classic 350 Redditch Edition - Single Disc",2017,4567,1,150000,0,0,2.0,2283.5,128839.4
140,"2015, Honda Dream Yuga Electric Start/Alloy",2015,22500,1,30000,0,0,4.0,5625.0,58901.1
141,"2017, KTM 250 Duke Standard",2017,4800,1,170000,0,0,2.0,2400.0,125965.55
142,"2017, Royal Enfield Electra Twinspark Standard",2017,5500,1,115000,0,0,2.0,2750.0,93409.77
143,"2015, Royal Enfield Thunderbird 350 Disc",2015,13000,1,200000,0,0,4.0,3250.0,83971.54
144,"2014, Bajaj Avenger [2015] 220 DTS- i",2014,54000,1,55000,0,0,5.0,10800.0,42125.562
145,"2017, Bajaj Pulsar 180 Standard",2017,19000,1,68000,0,0,2.0,9500.0,94956.22
146,"2011, Bajaj Pulsar 150 Standard",2011,40000,1,25000,0,0,8.0,5000.0,41841.066
147,"2010, Hero Honda Splendor Plus Drum",2010,32148,1,35000,0,0,9.0,3572.0,28549.682
148,"2014, Hero HF Deluxe Kick Alloy",2014,10000,1,25000,0,0,5.0,2000.0,55098.11
149,"2002, Hero Honda Splendor Standard",2002,29693,1,17000,0,0,17.0,1746.6470588235295,9446.923
150,"2009, TVS Scooty Pep Plus Standard",2009,26775,1,15000,0,0,10.0,2677.5,39820.965
151,"2012, Bajaj Discover 125 ST Standard",2012,27076,1,19999,0,0,7.0,3868.0,43656.188
152,"2018, Bajaj CT100 Spoke",2018,13500,1,32000,0,0,1.0,13500.0,81903.0
153,"2017, Honda CB Unicorn Kick Start",2017,1000,1,63000,0,0,2.0,500.0,97491.43
154,"2016, Honda Activa 3G Standard (BS III)",2016,3200,1,35000,0,0,3.0,1066.6666666666667,113986.22
155,"2017, Honda Activa 4G Standard (BS IV)",2017,3000,1,50000,0,0,2.0,1500.0,78923.305
156,"2011, Hero Honda Splendor PRO Kick",2011,44643,1,25000,0,0,8.0,5580.375,32516.727
157,"2011, Bajaj Discover 100 5 Speed",2011,50000,1,25000,0,0,8.0,6250.0,28161.975
158,"2018, UM Renegade Commando Carburetor",2018,2900,1,160000,0,0,1.0,2900.0,107365.53
159,"2014, Honda CBR 250R Standard",2014,7000,1,100000,0,0,5.0,1400.0,62044.06
160,"2014, Bajaj Discover 135 Drum",2014,35000,1,29000,0,0,5.0,7000.0,52477.812
161,"2017, Royal Enfield Himalayan Fi",2017,11400,1,130000,0,0,2.0,5700.0,74748.48
162,"2006, Royal Enfield Electra 4 S Kick",2006,22000,1,70000,0,0,13.0,1692.3076923076924,29064.781
163,"2013, Hero Ambition Standard",2013,48740,1,24000,0,0,6.0,8123.333333333333,41672.516
164,"2018, Honda Dio STD",2018,4000,1,60000,0,0,1.0,4000.0,101541.35
165,"2009, Hero Honda Splendor Plus Drum",2009,99800,1,25000,0,0,10.0,9980.0,24740.91
166,"2016, Bajaj V15 Power Up",2016,9500,1,45000,0,0,3.0,3166.6666666666665,77066.16
167,"2018, TVS Apache RTR 160 4V Disc",2018,4800,1,90000,0,0,1.0,4800.0,98558.664
168,"2016, Bajaj V15 Standard",2016,12000,1,45000,0,0,3.0,4000.0,73048.45
169,"2018, Bajaj Discover 110 Drum",2018,4500,1,60000,0,0,1.0,4500.0,152683.03
170,"2010, Yamaha Fazer [2009-2016] Standard",2010,55000,1,29000,0,0,9.0,6111.111111111111,25657.166
171,"2013, Honda Activa [2000-2015] Standard",2013,15000,1,20000,0,0,6.0,2500.0,44793.008
172,"2006, Hero Honda Splendor Plus Drum",2006,50000,1,13000,0,0,13.0,3846.153846153846,17669.785
173,"2018, Suzuki Access 125 Special Edition - Disc CBS",2018,8000,1,65000,0,0,1.0,8000.0,89438.055
174,"2014, Hero Karizma [2003-2014] R",2014,46000,1,56000,0,0,5.0,9200.0,54383.55
175,"2016, Bajaj Avenger Street 220 Standard",2016,15000,1,50000,0,0,3.0,5000.0,85604.27
176,"2018, Royal Enfield Classic 350 Redditch Edition - Dual Disc",2018,4000,1,155000,0,0,1.0,4000.0,101541.35
177,"2016, Bajaj V15 Standard",2016,28000,1,28000,0,0,3.0,9333.333333333334,61630.613
178,"2014, Royal Enfield Classic 350 Standard",2014,29200,1,100000,0,0,5.0,5840.0,49276.906
179,"2018, Bajaj Pulsar NS200 ABS",2018,4044,1,120000,0,0,1.0,4044.0,99833.06
180,"2019, Bajaj Pulsar NS200 Standard",2019,35,1,117000,0,0,0.1,350.0,84215.336
181,"2007, Honda Activa [2000-2015] Standard",2007,36000,1,16000,0,0,12.0,3000.0,18914.855
182,"2017, Honda Activa 125 [2016-2017] Std",2017,7400,1,50000,0,0,2.0,3700.0,78680.586
183,"2017, Yamaha FZ S Standard",2017,7000,1,85000,0,0,2.0,3500.0,75069.0
184,"2018, Royal Enfield Classic Stealth Black Standard",2018,11700,1,170000,0,0,1.0,11700.0,145771.47
185,"2018, Suzuki Gixxer SF ABS",2018,16000,1,80000,0,0,1.0,16000.0,79867.16
186,"2018, Royal Enfield Thunderbird 350 Disc",2018,2000,1,99999,0,0,1.0,2000.0,128794.08
187,"2011, Hero Honda CBZ extreme Self",2011,60000,1,20000,0,0,8.0,7500.0,32389.803
188,"2018, Suzuki Gixxer ABS",2018,2840,1,87000,0,0,1.0,2840.0,106836.89
189,"2016, Hero Splendor iSmart Self Drum Alloy",2016,40000,1,35000,0,0,3.0,13333.333333333334,58040.12
190,"2015, Yamaha YZF R15 [2011-2018] V 2.0",2015,10000,1,70000,0,0,4.0,2500.0,70586.19
191,"2017, Honda Activa 4G Standard (BS IV)",2017,12500,1,48000,0,0,2.0,6250.0,78900.47
192,"2017, Hero Maestro Edge VX",2017,26000,1,40000,0,0,2.0,13000.0,88506.58
193,"2009, Honda CB Shine CBS",2009,27000,1,35000,0,0,10.0,2700.0,32926.92
194,"2014, Hero Ignitor Disc Brake",2014,31000,1,36500,0,0,5.0,6200.0,46360.918
195,"2018, Royal Enfield Classic 350 Redditch Edition - Dual Disc",2018,4000,1,155000,0,0,1.0,4000.0,101541.35
196,"2016, Bajaj V15 Standard",2016,28000,1,28000,0,0,3.0,9333.333333333334,61630.613
197,"2014, Royal Enfield Classic 350 Standard",2014,29200,1,100000,0,0,5.0,5840.0,49276.906
198,"2018, Bajaj Pulsar NS200 ABS",2018,4044,1,120000,0,0,1.0,4044.0,99833.06
199,"2019, Bajaj Pulsar NS200 Standard",2019,35,1,117000,0,0,0.1,350.0,84215.336
200,"2007, Honda Activa [2000-2015] Standard",2007,36000,1,16000,0,0,12.0,3000.0,18914.855
201,"2017, Honda Activa 125 [2016-2017] Std",2017,7400,1,50000,0,0,2.0,3700.0,78680.586
202,"2017, Yamaha FZ S Standard",2017,7000,1,85000,0,0,2.0,3500.0,75069.0
203,"2018, Royal Enfield Classic Stealth Black Standard",2018,11700,1,170000,0,0,1.0,11700.0,145771.47
204,"2018, Suzuki Gixxer SF ABS",2018,16000,1,80000,0,0,1.0,16000.0,79867.16
205,"2018, Royal Enfield Thunderbird 350 Disc",2018,2000,1,99999,0,0,1.0,2000.0,128794.08
206,"2011, Hero Honda CBZ extreme Self",2011,60000,1,20000,0,0,8.0,7500.0,32389.803
207,"2018, Suzuki Gixxer ABS",2018,2840,1,87000,0,0,1.0,2840.0,106836.89
208,"2016, Hero Splendor iSmart Self Drum Alloy",2016,40000,1,35000,0,0,3.0,13333.333333333334,58040.12
209,"2015, Yamaha YZF R15 [2011-2018] V 2.0",2015,10000,1,70000,0,0,4.0,2500.0,70586.19
210,"2017, Honda Activa 4G Standard (BS IV)",2017,12500,1,48000,0,0,2.0,6250.0,78900.47
211,"2017, Hero Maestro Edge VX",2017,26000,1,40000,0,0,2.0,13000.0,88506.58
212,"2009, Honda CB Shine CBS",2009,27000,1,35000,0,0,10.0,2700.0,32926.92
213,"2014, Hero Ignitor Disc Brake",2014,31000,1,36500,0,0,5.0,6200.0,46360.918
214,"2016, Royal Enfield Classic Squadron Blue Single Disc",2016,14700,1,130000,0,0,3.0,4900.0,64731.684
215,"2012, Bajaj Pulsar 150 Standard",2012,50000,1,25000,0,0,7.0,7142.857142857143,30237.25
216,"2010, Honda CBF Stunner Self",2010,33455,1,41596,0,0,9.0,3717.222222222222,29214.125
217,"2009, Royal Enfield Bullet 350 Twinspark",2009,13600,1,90000,0,0,10.0,1360.0,25755.588
218,"2014, Yamaha Fazer [2009-2016] Standard",2014,40000,1,52000,0,0,5.0,8000.0,47654.33
219,"2010, Bajaj Pulsar 150 Standard",2010,48695,1,27000,0,0,9.0,5410.555555555556,23534.42
220,"2016, Honda CB Hornet 160R STD",2016,22000,1,50000,0,0,3.0,7333.333333333333,71340.63
221,"2011, Hero Karizma ZMR [2009-2014] Standard",2011,53700,1,26000,0,0,8.0,6712.5,30787.135
222,"2018, Bajaj Pulsar NS200 Standard",2018,2480,1,95000,0,0,1.0,2480.0,120181.93
223,"2017, Royal Enfield Classic 350 Standard",2017,5000,1,130000,0,0,2.0,2500.0,118021.08
224,"2012, Hero Pleasure [2005-2015] Standard",2012,35000,1,15000,0,0,7.0,5000.0,38487.062
225,"2015, Royal Enfield Bullet 500 Rear Drum",2015,25000,1,160000,0,0,4.0,6250.0,58937.43
226,"2015, Honda Dream Yuga Electric Start/Alloy",2015,12000,1,40000,0,0,4.0,3000.0,73247.3
227,"2013, Hero Splendor PRO Self Drum Spoke",2013,75000,1,35000,0,0,6.0,12500.0,28852.658
228,"2009, Bajaj Discover 150 Standard",2009,40000,1,30000,0,0,10.0,4000.0,26749.102
229,"2015, Bajaj Avenger Street 220 Standard",2015,7080,1,65000,0,0,4.0,1770.0,58527.508
230,"2014, Suzuki Gixxer Rear Drum",2014,14000,1,45000,0,0,5.0,2800.0,51982.824
231,"2018, Royal Enfield Classic 350 Signals ABS",2018,800,1,180000,0,0,1.0,800.0,107435.21
232,"2018, Honda CB Shine SP Drum",2018,8000,1,62000,0,0,1.0,8000.0,89438.055
233,"2012, Bajaj Discover 100 4 Speed",2012,27000,1,22000,0,0,7.0,3857.1428571428573,43831.23
234,"2011, Bajaj Discover 100 4 Speed",2011,29978,1,19000,0,0,8.0,3747.25,36714.863
235,"2009, Hero Honda Passion Standard",2009,35000,1,27000,0,0,10.0,3500.0,20734.91
236,"2017, Bajaj V12 Drum",2017,31220,1,48000,0,0,2.0,15610.0,68911.43
237,"2016, Bajaj Avenger Street 220 Standard",2016,19000,1,80000,0,0,3.0,6333.333333333333,70156.03
238,"2017, Suzuki Gixxer SF Special MOTOGP Edition Rear Disc",2017,22000,1,75000,0,0,2.0,11000.0,94989.18
239,"2010, Hero Honda Glamour Alloy Disc Self",2010,37000,1,35000,0,0,9.0,4111.111111111111,27637.91
240,"2017, Royal Enfield Bullet 350 Electra Twinspark",2017,17000,1,125000,0,0,2.0,8500.0,74357.91
241,"2012, Honda CB Shine Electric Start/Drum/Alloy (BS III)",2012,30000,1,30000,0,0,7.0,4285.714285714285,32602.156
242,"2011, Royal Enfield Thunderbird 350 Disc",2011,36000,1,70000,0,0,8.0,4500.0,32778.383
243,"2015, Bajaj Pulsar 200 Standard",2015,25000,1,55000,0,0,4.0,6250.0,58937.43
244,"2015, Bajaj Pulsar 200 Standard",2015,35000,1,55000,0,0,4.0,8750.0,52632.56
245,"2017, Royal Enfield Classic 350 Redditch Edition - Single Disc",2017,13000,1,145000,0,0,2.0,6500.0,61342.9
246,"2013, Royal Enfield Bullet 350 Twinspark",2013,41000,1,90000,0,0,6.0,6833.333333333333,31765.406
247,"2015, Bajaj Avenger Street 220 Standard",2015,11800,1,45000,0,0,4.0,2950.0,97386.69
248,"2017, Bajaj Pulsar RS 200 Standard",2017,12500,1,115000,0,0,2.0,6250.0,78900.47
249,"2017, TVS Apache RTR 160 4V Disc",2017,1077,1,75000,0,0,2.0,538.5,136540.28
250,"2004, Bajaj Pulsar 150 Kick Start",2004,30485,1,28000,0,0,15.0,2032.3333333333333,15270.334
251,"2013, Honda CB Shine Drum Self",2013,3500,1,35000,0,0,6.0,583.3333333333334,38708.766
252,"2010, Hero Honda Passion PRO [2012] Standard",2010,60000,1,32000,0,0,9.0,6666.666666666667,23606.527
253,"2018, Honda CB Hornet 160R ABS - Std",2018,2200,1,95000,0,0,1.0,2200.0,110103.34
254,"2014, Honda CB Trigger Standard",2014,41000,1,45000,0,0,5.0,8200.0,41155.37
255,"2018, Yamaha FZ V 2.0 Standard",2018,6500,1,35000,0,0,1.0,6500.0,101646.555
256,"2012, Bajaj Pulsar 150 Standard",2012,31000,1,39999,0,0,7.0,4428.571428571428,33801.96
257,"2013, Honda CB Trigger CBS",2013,25500,1,40000,0,0,6.0,4250.0,43936.61
258,"2010, TVS Apache RTR 160 Front Disc",2010,85000,1,30000,0,0,9.0,9444.444444444445,25855.04
259,"2016, Honda Activa 3G Standard (BS III)",2016,19600,1,45000,0,0,3.0,6533.333333333333,64241.973
260,"2012, Yamaha Fazer [2009-2016] Standard",2012,60000,1,35000,0,0,7.0,8571.42857142857,31073.656
261,"2013, Bajaj Avenger Cruise 220 Standard",2013,19000,1,69990,0,0,6.0,3166.6666666666665,66462.07
262,"2008, Hero Honda Splendor Plus Drum",2008,66769,1,11500,0,0,11.0,6069.909090909091,22919.57
263,"2006, Bajaj Pulsar 150 Standard",2006,30000,1,20000,0,0,13.0,2307.6923076923076,22968.957
264,"2014, Royal Enfield Classic Desert Storm Single Disc",2014,29000,1,119999,0,0,5.0,5800.0,59861.8
265,"2017, Honda CB Shine SP Disc (BS III)",2017,40000,1,42000,0,0,2.0,20000.0,74897.27
266,"2017, Royal Enfield Classic 350 Standard",2017,12619,1,145000,0,0,2.0,6309.5,80259.83
267,"2017, Hero Splendor Plus i3s Standard",2017,4000,1,55000,0,0,2.0,2000.0,96993.75
268,"2017, Royal Enfield Classic 350 Standard",2017,12619,1,145000,0,0,2.0,6309.5,80259.83
269,"2016, Honda Activa 125 [2016-2017] Dlx (BS-IV)",2016,5150,1,55000,0,0,3.0,1716.6666666666667,75858.12
270,"2016, Hero Super Splendor Electric Start",2016,37000,1,35000,0,0,3.0,12333.333333333334,52465.402
271,"2016, Honda Livo Self Drum Alloy [2017]",2016,12000,1,42000,0,0,3.0,4000.0,73048.45
272,"2004, Honda Activa [2000-2015] Deluxe",2004,40000,1,10000,0,0,15.0,2666.6666666666665,14350.399
273,"2012, KTM 200 Duke Standard",2012,35000,1,85000,0,0,7.0,5000.0,38487.062
274,"2015, Yamaha FZ S V 2.0 Ltd Edition-Rear Disc",2015,3650,1,62000,0,0,4.0,912.5,99392.25
275,"2004, TVS Victor Drum",2004,36000,1,12000,0,0,15.0,2400.0,17851.742
276,"2008, TVS Scooty Pep Plus Teens Electric",2008,15000,1,15000,0,0,11.0,1363.6363636363637,29809.115
277,"2015, Suzuki Access 125 Special Edition - Disc CBS",2015,26000,1,35000,0,0,4.0,6500.0,66298.48
278,"2011, Hero Honda Hunk Standard",2011,48,1,30000,0,0,8.0,6.0,46757.95
279,"2016, Honda Navi [2016-2017] Standard",2016,6800,1,38000,0,0,3.0,2266.6666666666665,70401.86
280,"2013, Bajaj Avenger Street 220 Standard",2013,20000,1,50000,0,0,6.0,3333.3333333333335,43411.324
281,"2011, Hero Hunk Rear Disc Brake",2011,19000,1,20000,0,0,8.0,2375.0,51909.027
282,"2017, Bajaj Avenger Street 220 Standard",2017,11000,1,79000,0,0,2.0,5500.0,80407.1
283,"2016, Suzuki Gixxer SF Special MOTOGP Edition",2016,19500,1,73000,0,0,3.0,6500.0,63675.875
284,"2015, Bajaj Pulsar RS 200 ABS",2015,9000,1,85000,0,0,4.0,2250.0,93074.7
285,"2017, Bajaj Dominar 400 ABS",2017,12500,1,185000,0,0,2.0,6250.0,78900.47
286,"2016, Hero Glamour Drum Brake",2016,48000,1,40000,0,0,3.0,16000.0,66643.836
287,"2016, Bajaj Pulsar 150 Standard",2016,25000,1,46000,0,0,3.0,8333.333333333334,71746.125
288,"2015, Mahindra Gusto Dx",2015,15000,1,18000,0,0,4.0,3750.0,68657.164
289,"2013, Yamaha Fazer [2009-2016] Standard",2013,28000,1,25000,0,0,6.0,4666.666666666667,36011.316
290,"2016, Bajaj Discover 125 Disc",2016,7000,1,45000,0,0,3.0,2333.3333333333335,70483.34
291,"2016, Bajaj Pulsar 150 Classic",2016,30500,1,40000,0,0,3.0,10166.666666666666,58594.832
292,"2016, Bajaj Pulsar RS 200 ABS",2016,22000,1,85000,0,0,3.0,7333.333333333333,71340.63
293,"2016, Yamaha Saluto RX Standard",2016,27000,1,48000,0,0,3.0,9000.0,53154.42
294,"2015, Bajaj Pulsar AS200 Standard",2015,15000,1,70000,0,0,4.0,3750.0,68657.164
295,"2011, Honda Activa [2000-2015] Standard",2011,11750,1,23000,0,0,8.0,1468.75,48085.38
296,"2015, Bajaj Avenger Street 220 Standard",2015,16300,1,62000,0,0,4.0,4075.0,49972.62
297,"2012, Bajaj Pulsar 200 Standard",2012,66000,1,30000,0,0,7.0,9428.57142857143,38041.64
298,"2017, Honda CBR 250R ABS",2017,7000,1,120000,0,0,2.0,3500.0,75069.0
299,"2009, Bajaj Discover 135 Drum",2009,48600,1,32000,0,0,10.0,4860.0,24896.244
300,"2014, Hero Pleasure [2005-2015] Standard",2014,15000,1,33000,0,0,5.0,3000.0,66004.42
301,"2014, Yamaha FZ S V 2.0 Standard",2014,22000,1,65000,0,0,5.0,4400.0,76489.78
302,"2008, TVS Star City Alloy wheels",2008,63000,1,20000,0,0,11.0,5727.272727272727,25150.58
303,"2010, TVS Apache RTR 160 Front Disc",2010,500000,1,25000,0,0,9.0,55555.555555555555,24169.76
304,"2013, Honda Dream Yuga Electric Start/Alloy",2013,3000,1,40000,0,0,6.0,500.0,43164.473
305,"2016, Royal Enfield Classic Desert Storm ABS",2016,4500,1,150000,0,0,3.0,1500.0,77665.06
306,"2014, Honda Dream Yuga Electric Start/Alloy",2014,33000,1,30000,0,0,5.0,6600.0,64388.11
307,"2017, Bajaj Avenger Cruise 220 Standard",2017,10200,1,70000,0,0,2.0,5100.0,87898.03
308,"2012, TVS Scooty Streak Standard",2012,40000,1,18000,0,0,7.0,5714.285714285715,45749.816
309,"2018, Bajaj V15 Standard",2018,8000,1,70000,0,0,1.0,8000.0,89438.055
310,"2016, Bajaj V15 Standard",2016,45000,1,45000,0,0,3.0,15000.0,66838.25
311,"2009, Honda Activa [2000-2015] Standard",2009,50000,1,20000,0,0,10.0,5000.0,22371.416
312,"2014, Yamaha FZ S Standard",2014,47000,1,40000,0,0,5.0,9400.0,49409.992
313,"2017, Royal Enfield Bullet 350 Electra Twinspark",2017,6500,1,100000,0,0,2.0,3250.0,134898.17
314,"2018, Yamaha FZ S V 2.0 Rear Disc",2018,1000,1,90000,0,0,1.0,1000.0,116930.49
315,"2018, Yamaha YZF R15 V3 Standard",2018,2500,1,140000,0,0,1.0,2500.0,120774.93
316,"2011, Yamaha YZF R15 [2011-2018] V1",2011,50000,1,70000,0,0,8.0,6250.0,28161.975
317,"2016, Hero Maestro Edge LX",2016,21000,1,35000,0,0,3.0,7000.0,77464.34
318,"2015, TVS Sport Kick Start Spoke",2015,55000,1,30000,0,0,4.0,13750.0,62151.754
319,"2004, Hero Honda Splendor Plus Disc",2004,30000,1,15000,0,0,15.0,2000.0,13709.715
320,"2014, Bajaj Discover 100 M Disc",2014,45000,1,25000,0,0,5.0,9000.0,41167.87
321,"2013, Honda CBR150 R Standard",2013,47000,1,65000,0,0,6.0,7833.333333333333,41399.227
322,"2017, Royal Enfield Classic 350 Standard",2017,26988,1,125000,0,0,2.0,13494.0,73848.38
323,"2011, Bajaj Discover 125 Drum",2011,25000,1,30000,0,0,8.0,3125.0,55943.91
324,"2011, Honda Activa [2000-2015] Deluxe",2011,31400,1,20000,0,0,8.0,3925.0,37514.645
325,"2012, TVS Apache RTR 160 Front Disc",2012,21000,1,31000,0,0,7.0,3000.0,38282.035
326,"2017, Royal Enfield Bullet 350 Standard",2017,8000,1,120000,0,0,2.0,4000.0,98163.484
327,"2015, Royal Enfield Thunderbird 350 Disc Self",2015,9457,1,125000,0,0,4.0,2364.25,93742.05
328,"2015, KTM RC200 Standard [2014-2016]",2015,14000,1,130000,0,0,4.0,3500.0,71423.016
329,"2018, Hero Glamour i3s Drum",2018,12500,1,50000,0,0,1.0,12500.0,82217.42
330,"2011, Bajaj Discover 125 Drum",2011,25000,1,30000,0,0,8.0,3125.0,55943.91
331,"2016, Royal Enfield Electra 5 S Disc Self",2016,30000,1,110000,0,0,3.0,10000.0,81552.805
332,"2013, Bajaj Pulsar 180 Standard",2013,24000,1,35000,0,0,6.0,4000.0,76300.445
333,"2018, TVS Apache RTR 160 4V Disc",2018,850,1,100000,0,0,1.0,850.0,99342.77
334,"2013, Hero Glamour Drum Brake",2013,48000,1,45000,0,0,6.0,8000.0,42989.496
335,"2016, Bajaj Discover 150F Disc",2016,21530,1,40000,0,0,3.0,7176.666666666667,76564.164
336,"2016, KTM 200 Duke Standard",2016,18000,1,110000,0,0,3.0,6000.0,45945.465
337,"2012, Yamaha FZ S Standard",2012,80000,1,25000,0,0,7.0,11428.57142857143,32293.65
338,"2013, Honda CB Shine Drum Self",2013,15000,1,40000,0,0,6.0,2500.0,44793.008
339,"2012, TVS Apache RTR 180 Standard",2012,60000,1,25000,0,0,7.0,8571.42857142857,31073.656
340,"2017, Honda Dream Neo Self",2017,4000,1,40000,0,0,2.0,2000.0,96993.75
341,"2013, Honda Activa 3G Standard (BS III)",2013,35000,1,25000,0,0,6.0,5833.333333333333,39477.39
342,"2011, Honda Activa [2000-2015] Standard",2011,71000,1,25000,0,0,8.0,8875.0,30334.379
343,"2014, Bajaj Discover 100 M Drum",2014,14000,1,50000,0,0,5.0,2800.0,51982.824
344,"2016, Bajaj Pulsar AS150 Standard",2016,16000,1,65000,0,0,3.0,5333.333333333333,59666.188
345,"2016, Bajaj Avenger Street 220 Standard",2016,15000,1,55000,0,0,3.0,5000.0,85604.27
346,"2015, Honda Livo Self Drum Alloy [2017]",2015,31000,1,40000,0,0,4.0,7750.0,62804.22
347,"2017, Yamaha Ray-Z Standard",2017,3300,1,62000,0,0,2.0,1650.0,126276.11
348,"2001, Hero Honda Splendor Standard",2001,45000,1,15000,0,0,18.0,2500.0,17349.2
349,"2017, Royal Enfield Classic 350 Standard",2017,17500,1,145000,0,0,2.0,8750.0,74509.164
350,"2013, Hero Glamour Disc Brake",2013,35000,1,35000,0,0,6.0,5833.333333333333,39477.39
351,"2017, TVS Star City Plus Dual Tone",2017,40000,1,40000,0,0,2.0,20000.0,74897.27
352,"2012, Yamaha SS 125 Standard",2012,66000,1,25000,0,0,7.0,9428.57142857143,38041.64
353,"2018, Yamaha YZF R15 V3 Standard",2018,2000,1,148000,0,0,1.0,2000.0,128794.08
354,"2002, Hero Honda Splendor Standard",2002,37000,1,20000,0,0,17.0,2176.470588235294,18199.297
355,"2015, Royal Enfield Continental GT Standard",2015,11000,1,100000,0,0,4.0,2750.0,117042.31
356,"2013, Bajaj Pulsar 220F Standard",2013,79000,1,60000,0,0,6.0,13166.666666666666,32484.182
357,"2014, Suzuki Hayate [2013-2016] Electric Start",2014,30000,1,38000,0,0,5.0,6000.0,52080.395
358,"2017, Suzuki Access 125 Special Edition - Disc CBS",2017,12500,1,38000,0,0,2.0,6250.0,78900.47
359,"2018, Honda Dream Neo Self Carrier",2018,15000,1,55000,0,0,1.0,15000.0,88409.49
360,"2012, Hero Honda CBZ extreme Self",2012,18000,1,45000,0,0,7.0,2571.4285714285716,33552.277
361,"2011, TVS Apache RTR 180 ABS Single Channel ABS",2011,40000,1,35000,0,0,8.0,5000.0,41841.066
362,"2016, Bajaj Pulsar AS150 Standard",2016,19500,1,55000,0,0,3.0,6500.0,63675.875
363,"2012, Yamaha FZ16 Standard",2012,45000,1,45000,0,0,7.0,6428.571428571428,38259.3
364,"2016, Bajaj Avenger Street 150 [2018] Standard",2016,26000,1,55000,0,0,3.0,8666.666666666666,58826.195
365,"2018, Hero Glamour Disc Brake",2018,10000,1,70000,0,0,1.0,10000.0,95667.875
366,"2015, Royal Enfield Thunderbird 350 Disc",2015,12000,1,100000,0,0,4.0,3000.0,73247.3
367,"2018, Bajaj Pulsar 150 Standard",2018,1500,1,78000,0,0,1.0,1500.0,81677.27
368,"2018, TVS XL 100 Heavy Duty Standard",2018,12850,1,33000,0,0,1.0,12850.0,84015.4
369,"2011, Hero Honda CBZ extreme Self",2011,42000,1,20000,0,0,8.0,5250.0,34532.812
370,"2006, Honda CB Unicorn 150 Standard",2006,45000,1,13000,0,0,13.0,3461.5384615384614,16175.375
371,"2017, Honda CB Unicorn 150 Standard",2017,16000,1,65000,0,0,2.0,8000.0,73609.63
372,"2017, Benelli TNT 25 Premium",2017,16000,1,170000,0,0,2.0,8000.0,73609.63
373,"2010, Honda CB Unicorn 150 Standard",2010,35000,1,35000,0,0,9.0,3888.8888888888887,36926.434
374,"2013, Bajaj Pulsar 220F Standard",2013,79000,1,60000,0,0,6.0,13166.666666666666,32484.182
375,"2014, Suzuki Hayate [2013-2016] Electric Start",2014,30000,1,38000,0,0,5.0,6000.0,52080.395
376,"2017, Suzuki Access 125 Special Edition - Disc CBS",2017,12500,1,38000,0,0,2.0,6250.0,78900.47
377,"2018, Honda Dream Neo Self Carrier",2018,15000,1,55000,0,0,1.0,15000.0,88409.49
378,"2012, Hero Honda CBZ extreme Self",2012,18000,1,45000,0,0,7.0,2571.4285714285716,33552.277
379,"2011, TVS Apache RTR 180 ABS Single Channel ABS",2011,40000,1,35000,0,0,8.0,5000.0,41841.066
380,"2016, Bajaj Pulsar AS150 Standard",2016,19500,1,55000,0,0,3.0,6500.0,63675.875
381,"2012, Yamaha FZ16 Standard",2012,45000,1,45000,0,0,7.0,6428.571428571428,38259.3
382,"2016, Bajaj Avenger Street 150 [2018] Standard",2016,26000,1,55000,0,0,3.0,8666.666666666666,58826.195
383,"2018, Hero Glamour Disc Brake",2018,10000,1,70000,0,0,1.0,10000.0,95667.875
384,"2015, Royal Enfield Thunderbird 350 Disc",2015,12000,1,100000,0,0,4.0,3000.0,73247.3
385,"2018, Bajaj Pulsar 150 Standard",2018,1500,1,78000,0,0,1.0,1500.0,81677.27
386,"2018, TVS XL 100 Heavy Duty Standard",2018,12850,1,33000,0,0,1.0,12850.0,84015.4
387,"2011, Hero Honda CBZ extreme Self",2011,42000,1,20000,0,0,8.0,5250.0,34532.812
388,"2006, Honda CB Unicorn 150 Standard",2006,45000,1,13000,0,0,13.0,3461.5384615384614,16175.375
389,"2017, Honda CB Unicorn 150 Standard",2017,16000,1,65000,0,0,2.0,8000.0,73609.63
390,"2017, Benelli TNT 25 Premium",2017,16000,1,170000,0,0,2.0,8000.0,73609.63
391,"2010, Honda CB Unicorn 150 Standard",2010,35000,1,35000,0,0,9.0,3888.8888888888887,36926.434
392,"2011, Hero Karizma ZMR [2009-2014] Standard",2011,30000,1,40000,0,0,8.0,3750.0,36742.637
393,"2017, Bajaj Pulsar RS 200 Demon Black ABS",2017,7600,1,120000,0,0,2.0,3800.0,83456.37
394,"2013, Honda CB Shine Electric Start/Drum/Alloy (BS III)",2013,40200,1,50000,0,0,6.0,6700.0,34232.91
395,"2012, Bajaj Pulsar 180 Standard",2012,34000,1,40000,0,0,7.0,4857.142857142857,50860.906
396,"2005, Honda CB Unicorn 150 Standard",2005,60000,1,18000,0,0,14.0,4285.714285714285,13967.683
397,"2017, Royal Enfield Classic Gunmetal Grey Standard",2017,6200,1,140000,0,0,2.0,3100.0,76157.62
398,"2015, Royal Enfield Thunderbird Twinspark Standard",2015,45000,1,90000,0,0,4.0,11250.0,57267.094
399,"2017, Honda Activa 3G Standard (BS III)",2017,4500,1,40000,0,0,2.0,2250.0,134083.48
400,"2015, Bajaj Pulsar AS200 Standard",2015,20000,1,75000,0,0,4.0,5000.0,53081.992
401,"2011, Bajaj Discover 125 Disc",2011,16000,1,45000,0,0,8.0,2000.0,47281.93
402,"2011, Hero Honda Splendor PRO Self",2011,40000,1,25000,0,0,8.0,5000.0,41841.066
403,"2011, Hero Honda Splendor Plus Drum",2011,18000,1,30000,0,0,8.0,2250.0,33740.62
404,"2017, KTM 200 Duke Standard",2017,5000,1,65000,0,0,2.0,2500.0,118021.08
405,"2018, Bajaj Avenger Street 150 [2018] Standard",2018,40000,1,15000,0,0,1.0,40000.0,63073.324
406,"2012, Bajaj Pulsar 220F Standard",2012,33500,1,50000,0,0,7.0,4785.714285714285,40880.28
407,"2013, Royal Enfield Classic 500 Single Disc",2013,42000,1,120000,0,0,6.0,7000.0,37835.53
408,"2014, Honda CBR150 R Standard",2014,10000,1,90000,0,0,5.0,2000.0,55098.11
409,"2010, Bajaj Platina Comfortec Alloy Wheel ES",2010,39600,1,16000,0,0,9.0,4400.0,28415.627
410,"2018, Honda Activa 5G Deluxe",2018,3000,1,65000,0,0,1.0,3000.0,102575.85
411,"2016, Bajaj Avenger Street 150 [2018] Standard",2016,36000,1,65000,0,0,3.0,12000.0,55914.645
412,"2014, Suzuki Let's Standard",2014,17800,1,35000,0,0,5.0,3560.0,56976.383
413,"2010, TVS Star City Alloy wheels",2010,17000,1,30000,0,0,9.0,1888.888888888889,27974.074
414,"2016, Honda CB Hornet 160R CBS - 2017",2016,24500,1,59999,0,0,3.0,8166.666666666667,64109.062
415,"2017, Suzuki Gixxer Dual Tone Rear Disc",2017,7500,1,80000,0,0,2.0,3750.0,92758.88
416,"2014, Honda CB Unicorn GP E",2014,17000,1,35000,0,0,5.0,3400.0,91601.97
417,"2016, Honda Dream Yuga Electric Start/Alloy",2016,17900,1,40000,0,0,3.0,5966.666666666667,42599.28
418,"2017, Hero Splendor iSmart 110 Standard",2017,14000,1,45000,0,0,2.0,7000.0,67844.76
419,"2015, Honda CB Unicorn 160 Disc (BS III)",2015,39000,1,60000,0,0,4.0,9750.0,41849.113
420,"2009, Hero Honda Passion Standard",2009,50000,1,18000,0,0,10.0,5000.0,22371.416
421,"2018, Yamaha YZF R15 [2011-2018] V 2.0",2018,5500,1,110000,0,0,1.0,5500.0,102920.85
422,"2011, Royal Enfield Thunderbird 350 Disc",2011,25100,1,79000,0,0,8.0,3137.5,54017.453
423,"2016, Royal Enfield Classic 350 Standard",2016,1908,1,130000,0,0,3.0,636.0,78936.03
424,"2008, Bajaj Pulsar 180 Standard",2008,48000,1,20000,0,0,11.0,4363.636363636364,24779.312
425,"2017, Yamaha FZ25 Standard",2017,6800,1,125000,0,0,2.0,3400.0,99718.87
426,"2017, Royal Enfield Classic 350 Standard",2017,4950,1,150000,0,0,2.0,2475.0,118101.586
427,"2015, Honda CB Shine Drum",2015,40000,1,40000,0,0,4.0,10000.0,39126.16
428,"2013, Hero Impulse Standard",2013,46890,1,45000,0,0,6.0,7815.0,40429.305
429,"2016, Bajaj Pulsar 220F Standard",2016,39600,1,60000,0,0,3.0,13200.0,57584.188
430,"2015, Suzuki Gixxer Rear Drum",2015,20000,1,55000,0,0,4.0,5000.0,53081.992
431,"2011, Hero Honda Hunk Standard",2011,23000,1,30000,0,0,8.0,2875.0,61214.098
432,"2014, Royal Enfield Electra 5 S Disc Self",2014,32900,1,78000,0,0,5.0,6580.0,64588.668
433,"2011, Hero Honda Super Splendor [2005] Disc Self",2011,41000,1,29000,0,0,8.0,5125.0,30108.648
434,"2018, Royal Enfield Classic 350 Redditch Edition - Dual Disc",2018,6500,1,160000,0,0,1.0,6500.0,101646.555
435,"2010, TVS Jive Standard",2010,19500,1,16000,0,0,9.0,2166.6666666666665,32373.984
436,"2010, Royal Enfield Classic 500 Single Disc",2010,13800,1,100000,0,0,9.0,1533.3333333333333,29028.557
437,"2017, Bajaj Avenger Street 150 [2018] Standard",2017,6200,1,70000,0,0,2.0,3100.0,76157.62
438,"2018, Suzuki Gixxer SF ABS",2018,600,1,110000,0,0,1.0,600.0,87698.836
439,"2016, Hero Pleasure Drum Brake Alloy Wheel",2016,25500,1,25000,0,0,3.0,8500.0,55123.246
440,"2011, TVS Apache RTR 160 Front Disc",2011,36000,1,35000,0,0,8.0,4500.0,32778.383
441,"2013, Honda CB Shine Disk Kick",2013,15000,1,40000,0,0,6.0,2500.0,44793.008
442,"2017, Honda Activa 3G Standard (BS III)",2017,23000,1,45000,0,0,2.0,11500.0,85564.21
443,"2012, Bajaj Avenger Cruise 220 Standard",2012,15000,1,45000,0,0,7.0,2142.8571428571427,51461.87
444,"2009, Hero Achiever 150 [2005-2016] Disc Self",2009,60037,1,17500,0,0,10.0,6003.7,32096.957
445,"2017, Royal Enfield Classic 350 Standard",2017,29000,1,130000,0,0,2.0,14500.0,85943.914
446,"2004, Hero Honda Splendor Plus Drum",2004,97000,1,21000,0,0,15.0,6466.666666666667,16503.025
447,"2018, Royal Enfield Classic 350 Signals ABS",2018,14200,1,90000,0,0,1.0,14200.0,75587.15
448,"2014, Honda CBF Stunner Self",2014,26000,1,35000,0,0,5.0,5200.0,58174.797
449,"2011, Honda CB Shine Electric Start/Disc/Alloy (BS III)",2011,24777,1,30000,0,0,8.0,3097.125,52039.734
450,"2016, Bajaj Avenger Street 150 [2018] Standard",2016,15000,1,55000,0,0,3.0,5000.0,85604.27
451,"2016, Yamaha FZ V 2.0 Standard",2016,8000,1,75000,0,0,3.0,2666.6666666666665,53908.926
452,"2012, Bajaj Discover 125 Disc",2012,7768,1,25000,0,0,7.0,1109.7142857142858,36728.39
453,"2017, Bajaj Avenger Street 150 [2018] Standard",2017,12000,1,65000,0,0,2.0,6000.0,96324.734
454,"2016, Royal Enfield Classic Desert Storm Single Disc",2016,5600,1,150000,0,0,3.0,1866.6666666666667,82434.305
455,"2018, Suzuki Intruder 150 Standard",2018,4000,1,90000,0,0,1.0,4000.0,101541.35
456,"2015, Honda Aviator [2016-2017] Deluxe (BS III)",2015,8500,1,40000,0,0,4.0,2125.0,81808.516
457,"2019, Mahindra Gusto 125 VX",2019,30000,1,30000,0,0,0.1,300000.0,44982.25
458,"2016, Honda CB Shine Electric Start/Drum/Alloy (BS III)",2016,38000,1,45000,0,0,3.0,12666.666666666666,63587.13
459,"2009, Hero Achiever 150 [2005-2016] Disc Self",2009,60037,1,17500,0,0,10.0,6003.7,32096.957
460,"2017, Royal Enfield Classic 350 Standard",2017,29000,1,130000,0,0,2.0,14500.0,85943.914
461,"2004, Hero Honda Splendor Plus Drum",2004,97000,1,21000,0,0,15.0,6466.666666666667,16503.025
462,"2018, Royal Enfield Classic 350 Signals ABS",2018,14200,1,90000,0,0,1.0,14200.0,75587.15
463,"2014, Honda CBF Stunner Self",2014,26000,1,35000,0,0,5.0,5200.0,58174.797
464,"2011, Honda CB Shine Electric Start/Disc/Alloy (BS III)",2011,24777,1,30000,0,0,8.0,3097.125,52039.734
465,"2016, Bajaj Avenger Street 150 [2018] Standard",2016,15000,1,55000,0,0,3.0,5000.0,85604.27
466,"2016, Yamaha FZ V 2.0 Standard",2016,8000,1,75000,0,0,3.0,2666.6666666666665,53908.926
467,"2012, Bajaj Discover 125 Disc",2012,7768,1,25000,0,0,7.0,1109.7142857142858,36728.39
468,"2017, Bajaj Avenger Street 150 [2018] Standard",2017,12000,1,65000,0,0,2.0,6000.0,96324.734
469,"2016, Royal Enfield Classic Desert Storm Single Disc",2016,5600,1,150000,0,0,3.0,1866.6666666666667,82434.305
470,"2018, Suzuki Intruder 150 Standard",2018,4000,1,90000,0,0,1.0,4000.0,101541.35
471,"2015, Honda Aviator [2016-2017] Deluxe (BS III)",2015,8500,1,40000,0,0,4.0,2125.0,81808.516
472,"2019, Mahindra Gusto 125 VX",2019,30000,1,30000,0,0,0.1,300000.0,44982.25
473,"2016, Honda CB Shine Electric Start/Drum/Alloy (BS III)",2016,38000,1,45000,0,0,3.0,12666.666666666666,63587.13
474,"2017, Royal Enfield Classic Chrome Single Disc",2017,7000,1,200000,0,0,2.0,3500.0,75069.0
475,"2010, Hero Honda Passion Plus Drum",2010,100000,1,30000,0,0,9.0,11111.111111111111,23315.797
476,"2010, Bajaj Discover 100 5 Speed Self",2010,20000,1,22000,0,0,9.0,2222.222222222222,34176.664
477,"2014, Suzuki Let's Standard",2014,40000,1,45000,0,0,5.0,8000.0,47654.33
478,"2015, Hero Xtreme Sports Rear Disc Self",2015,28000,1,50000,0,0,4.0,7000.0,56804.9
479,"2016, Royal Enfield Bullet 350 Electra Twinspark",2016,49000,1,105000,0,0,3.0,16333.333333333334,65459.387
480,"2018, Royal Enfield Thunderbird 350 Disc Self",2018,5000,1,164000,0,0,1.0,5000.0,110872.52
481,"2009, Suzuki Access 125 [2007-2016] Standard",2009,33000,1,20000,0,0,10.0,3300.0,26787.541
482,"2016, TVS Sport Electric Start Alloy",2016,14500,1,30000,0,0,3.0,4833.333333333333,79121.62
483,"2014, Bajaj Pulsar 150 Standard",2014,57000,1,55000,0,0,5.0,11400.0,68649.26
484,"2013, Royal Enfield Bullet 350 Twinspark",2013,33000,1,85000,0,0,6.0,5500.0,40485.89
485,"2014, Hero Splendor iSmart Self Drum Alloy",2014,50000,1,30000,0,0,5.0,10000.0,44198.87
486,"2017, Hero Honda Splendor PRO Self",2017,6000,1,29000,0,0,2.0,3000.0,95598.29
487,"2018, Bajaj Dominar 400 ABS",2018,1400,1,155000,0,0,1.0,1400.0,93124.89
488,"2017, Suzuki Access 125 Disc",2017,2900,1,55000,0,0,2.0,1450.0,85453.055
489,"2018, Suzuki Gixxer SP ABS",2018,9500,1,97000,0,0,1.0,9500.0,76856.96
490,"2016, Hero Hunk Rear Drum Brake",2016,12000,1,65000,0,0,3.0,4000.0,73048.45
491,"2016, TVS Apache RTR 200 4V Carburetor",2016,17000,1,75000,0,0,3.0,5666.666666666667,88559.875
492,"2013, Hero Pleasure Drum Brake Alloy Wheel",2013,39000,1,28000,0,0,6.0,6500.0,41822.61
493,"2014, Royal Enfield Classic 350 Redditch Edition - Single Disc",2014,49000,1,90000,0,0,5.0,9800.0,42295.47
494,"2009, Hero Pleasure [2005-2015] Standard",2009,12000,1,15000,0,0,10.0,1200.0,23699.598
495,"2016, Honda Activa 125 [2016-2017] Dlx",2016,950,1,45000,0,0,3.0,316.6666666666667,76434.26
496,"2017, Royal Enfield Classic Squadron Blue Single Disc",2017,18500,1,145000,0,0,2.0,9250.0,70016.766
497,"2017, Hero Passion PRO i3s Self Drum Alloy",2017,20000,1,40000,0,0,2.0,10000.0,84109.13
498,"2011, Bajaj Pulsar 180 Standard",2011,38000,1,30000,0,0,8.0,4750.0,38035.582
499,"2018, Suzuki Gixxer SP ABS",2018,9500,1,97000,0,0,1.0,9500.0,76856.96
500,"2016, Bajaj Avenger Street 150 [2018] Standard",2016,30000,1,65000,0,0,3.0,10000.0,81552.805
501,"2015, Royal Enfield Classic 350 Standard",2015,21500,1,118000,0,0,4.0,5375.0,45280.445
502,"2010, Honda CBF Stunner Self",2010,28445,1,25000,0,0,9.0,3160.5555555555557,26866.145
503,"2016, Hero Hunk Rear Disc Brake",2016,16533,1,50000,0,0,3.0,5511.0,50822.836
504,"2017, Yamaha YZF R15 [2011-2018] V 2.0",2017,2300,1,95000,0,0,2.0,1150.0,75774.13
505,"2016, Royal Enfield Thunderbird 350 Disc Self",2016,5100,1,125000,0,0,3.0,1700.0,80580.24
506,"2012, Hero Honda CBZ extreme Self",2012,42000,1,35000,0,0,7.0,6000.0,31701.61
507,"2016, KTM RC390 Standard",2016,22000,1,140000,0,0,3.0,7333.333333333333,71340.63
508,"2011, Bajaj Discover 150 Standard",2011,211523,1,22000,0,0,8.0,26440.375,20931.072
509,"2013, Hero Xtreme [2013-2014] Rear Disc Brake",2013,28000,1,55000,0,0,6.0,4666.666666666667,36011.316
510,"2011, Hero Honda CD Deluxe Standard",2011,31079,1,20000,0,0,8.0,3884.875,39185.785
511,"2014, KTM RC200 Standard [2014-2016]",2014,55000,1,100000,0,0,5.0,11000.0,52708.746
512,"2018, Royal Enfield Classic 350 Redditch Edition - Dual Disc",2018,6000,1,150000,0,0,1.0,6000.0,107934.016
513,"2014, Hero Xtreme 2014 Self Start Disc Brake Alloy Wheel",2014,48500,1,30000,0,0,5.0,9700.0,45475.527
514,"2015, Honda Livo Self Disc Alloy [2017]",2015,18000,1,30000,0,0,4.0,4500.0,59169.523
515,"2017, Bajaj Pulsar 150 Kick Start",2017,20000,1,6700,0,0,2.0,10000.0,84109.13
516,"2002, Hero Honda Passion Standard",2002,10000,1,5000,0,0,17.0,588.2352941176471,15192.774
517,"2010, Royal Enfield Classic 350 Standard",2010,32000,1,75000,0,0,9.0,3555.5555555555557,28046.334
518,"2008, Honda Activa [2000-2015] Standard",2008,30000,1,15000,0,0,11.0,2727.2727272727275,26356.674
519,"2017, TVS Jupiter Standard",2017,5000,1,50000,0,0,2.0,2500.0,118021.08
520,"2016, Bajaj CT100 Spoke",2016,20000,1,20000,0,0,3.0,6666.666666666667,56746.383
521,"2014, Hero Ignitor Disc Brake",2014,16200,1,45000,0,0,5.0,3240.0,59549.27
522,"2016, Honda Activa 125 [2016-2017] Std",2016,10000,1,40000,0,0,3.0,3333.3333333333335,91390.94
523,"2017, Honda Activa 4G Standard (BS IV)",2017,33985,1,48000,0,0,2.0,16992.5,70027.414
524,"2008, TVS Star City Plus Electric Start MAG",2008,54000,1,25000,0,0,11.0,4909.090909090909,24931.895
525,"2012, Hero CBZ X-Treme Rear Disc",2012,45000,1,30000,0,0,7.0,6428.571428571428,38259.3
526,"2011, Hero Honda Passion PRO [2012] Standard",2011,60000,1,26000,0,0,8.0,7500.0,32389.803
527,"2016, Royal Enfield Classic Desert Storm Single Disc",2016,7000,1,170000,0,0,3.0,2333.3333333333335,70483.34
528,"2014, Honda Activa 3G Standard (BS III)",2014,15500,1,35000,0,0,5.0,3100.0,41423.27
529,"2018, Royal Enfield Classic Stealth Black Standard",2018,1200,1,200000,0,0,1.0,1200.0,81965.66
530,"2015, Hero Maestro Edge ZX",2015,18000,1,35000,0,0,4.0,4500.0,59169.523
531,"2006, Bajaj Discover 110 Drum",2006,40000,1,25000,0,0,13.0,3076.923076923077,15751.142
532,"2011, Honda CB Unicorn 150 Standard",2011,500000,1,25000,0,0,8.0,62500.0,24097.72
533,"2018, Hero Impulse Standard",2018,2000,1,50000,0,0,1.0,2000.0,128794.08
534,"2010, Hero CBZ X-Treme ES",2010,33000,1,25000,0,0,9.0,3666.6666666666665,28849.709
535,"2014, Hero Xtreme 2014 Self Start Disc Brake Alloy Wheel",2014,48500,1,30000,0,0,5.0,9700.0,45475.527
536,"2015, Bajaj Pulsar 150 Standard",2015,35000,1,50000,0,0,4.0,8750.0,52632.56
537,"2015, Yamaha FZ S Standard",2015,10000,1,35000,0,0,4.0,2500.0,70586.19
538,"2015, Bajaj Pulsar AS150 Standard",2015,14000,1,45000,0,0,4.0,3500.0,71423.016
539,"2017, Honda Activa 4G Standard (BS IV)",2017,33985,1,48000,0,0,2.0,16992.5,70027.414
540,"2008, TVS Star City Plus Electric Start MAG",2008,54000,1,25000,0,0,11.0,4909.090909090909,24931.895
541,"2012, Hero CBZ X-Treme Rear Disc",2012,45000,1,30000,0,0,7.0,6428.571428571428,38259.3
542,"2011, Hero Honda Passion PRO [2012] Standard",2011,60000,1,26000,0,0,8.0,7500.0,32389.803
543,"2016, Royal Enfield Classic Desert Storm Single Disc",2016,7000,1,170000,0,0,3.0,2333.3333333333335,70483.34
544,"2014, Honda Activa 3G Standard (BS III)",2014,15500,1,35000,0,0,5.0,3100.0,41423.27
545,"2018, Royal Enfield Classic Stealth Black Standard",2018,1200,1,200000,0,0,1.0,1200.0,81965.66
546,"2015, Hero Maestro Edge ZX",2015,18000,1,35000,0,0,4.0,4500.0,59169.523
547,"2006, Bajaj Discover 110 Drum",2006,40000,1,25000,0,0,13.0,3076.923076923077,15751.142
548,"2011, Honda CB Unicorn 150 Standard",2011,500000,1,25000,0,0,8.0,62500.0,24097.72
549,"2018, Hero Impulse Standard",2018,2000,1,50000,0,0,1.0,2000.0,128794.08
550,"2010, Hero CBZ X-Treme ES",2010,33000,1,25000,0,0,9.0,3666.6666666666665,28849.709
551,"2014, Hero Xtreme 2014 Self Start Disc Brake Alloy Wheel",2014,48500,1,30000,0,0,5.0,9700.0,45475.527
552,"2015, Bajaj Pulsar 150 Standard",2015,35000,1,50000,0,0,4.0,8750.0,52632.56
553,"2015, Yamaha FZ S Standard",2015,10000,1,35000,0,0,4.0,2500.0,70586.19
554,"2015, Bajaj Pulsar AS150 Standard",2015,14000,1,45000,0,0,4.0,3500.0,71423.016
555,"2014, Hero Pleasure [2005-2015] Standard",2014,15000,1,17000,0,0,5.0,3000.0,66004.42
556,"2012, Yamaha SS 125 Standard",2012,66000,1,20000,0,0,7.0,9428.57142857143,38041.64
557,"2005, Bajaj Pulsar 150 Standard",2005,60000,1,9000,0,0,14.0,4285.714285714285,13967.683
558,"2016, KTM RC390 Standard",2016,8500,1,175000,0,0,3.0,2833.3333333333335,91238.74
559,"2013, Hero Karizma 2014 R",2013,51000,1,50000,0,0,6.0,8500.0,39381.316
560,"2015, Royal Enfield Classic 500 Desert Storm",2015,12500,1,165000,0,0,4.0,3125.0,60745.21
561,"2015, Royal Enfield Bullet 350 Standard",2015,37000,1,110000,0,0,4.0,9250.0,48769.387
562,"2016, TVS Jupiter Standard",2016,13500,1,40000,0,0,3.0,4500.0,65753.23
563,"2016, Hero Splendor iSmart 110 Standard",2016,22500,1,40000,0,0,3.0,7500.0,78755.46
564,"2018, TVS Scooty Pep Plus Standard",2018,1530,1,35000,0,0,1.0,1530.0,89780.445
565,"2017, Bajaj CT100 B",2017,34000,1,25000,0,0,2.0,17000.0,70198.72
566,"2017, Royal Enfield Classic 350 Standard",2017,18000,1,130000,0,0,2.0,9000.0,61162.133
567,"2007, Hero Honda Splendor Plus Drum",2007,35000,1,27000,0,0,12.0,2916.6666666666665,16518.314
568,"2013, Royal Enfield Classic 350 Redditch Edition - Single Disc",2013,36000,1,110000,0,0,6.0,6000.0,39395.805
569,"2017, Hero Honda Splendor Standard",2017,20000,1,42000,0,0,2.0,10000.0,84109.13
570,"2017, Hero Duet VX",2017,4600,1,45000,0,0,2.0,2300.0,115840.055
571,"2014, Bajaj Discover 150F Disc",2014,45000,1,50000,0,0,5.0,9000.0,41167.87
572,"2012, Yamaha FZ16 Standard",2012,35000,1,38000,0,0,7.0,5000.0,38487.062
573,"2008, Honda Activa [2000-2015] Standard",2008,100000,1,20000,0,0,11.0,9090.90909090909,25865.447
574,"2017, Yamaha YZF R15 [2011-2018] V 2.0",2017,10100,1,110000,0,0,2.0,5050.0,88160.555
575,"2011, Hero Splendor PRO Kick Drum Spoke",2011,55000,1,25000,0,0,8.0,6875.0,35759.68
576,"2017, Bajaj Pulsar 150 Standard",2017,11000,1,90000,0,0,2.0,5500.0,80407.1
577,"2018, Yamaha YZF R15 V3 Standard",2018,3000,1,130000,0,0,1.0,3000.0,102575.85
578,"2016, Bajaj Pulsar 135 LS Standard",2016,5000,1,45000,0,0,3.0,1666.6666666666667,84126.805
579,"2016, Suzuki Hayate [2013-2016] Electric Start",2016,28000,1,30000,0,0,3.0,9333.333333333334,61630.613
580,"2014, Bajaj Pulsar 220F Standard",2014,30000,1,40000,0,0,5.0,6000.0,52080.395
581,"2012, TVS Star City Spoke Wheels",2012,12400,1,18000,0,0,7.0,1771.4285714285713,41996.562
582,"2016, Royal Enfield Thunderbird 350 Disc Self",2016,5201,1,100000,0,0,3.0,1733.6666666666667,82665.805
583,"2012, Bajaj Pulsar NS200 Standard",2012,50000,1,50000,0,0,7.0,7142.857142857143,30237.25
584,"2015, Royal Enfield Classic 500 Single Disc",2015,12000,1,150000,0,0,4.0,3000.0,73247.3
585,"2011, Yamaha FZ16 Standard",2011,29000,1,30000,0,0,8.0,3625.0,39209.76
586,"2018, Yamaha YZF R15 [2011-2018] V 2.0",2018,6000,1,110000,0,0,1.0,6000.0,107934.016
587,"2010, Hero Honda Splendor Plus Drum",2010,20000,1,25000,0,0,9.0,2222.222222222222,34176.664
588,"2018, Bajaj Pulsar 150 Kick Start",2018,3000,1,60000,0,0,1.0,3000.0,102575.85
